Temperature_K,8_5eV_peak_eV,8eV_peak_eV,8_5eV_err,8eV_err
127.5,8.64160091,7.98096746,0.00156249,0.00384764
130.0,8.63600795,7.97808338,0.00164101,0.00385291
135.0,8.6252941,7.97018458,0.00168116,0.0036112
137.5,8.61745249,7.96071377,0.00181606,0.00402107
140.0,8.60135095,7.95993163,0.00522857,0.0095623
