weight,y,sigma_y,calc_y,Temperature,sigma_T,Observed_field,Calc_field,DE_eV
1,-6.101881750068489e-05,6.101881750068489e-08,-6.178435796755366e-05,127.5,0.1,3975068.4085957943,4024939.511478402,0.1628174600000003
1,-6.08695848871862e-05,6.08695848871862e-08,-6.109541391197126e-05,130.0,0.1,3965346.655999652,3980058.2787241833,0.1599333800000009
1,-6.0435889419057406e-05,6.043588941905741e-08,-5.998116284899879e-05,135.0,0.1,3937093.582195156,3907470.438102453,0.15203458000000047
1,-5.986240131692148e-05,5.986240131692148e-08,-5.9824230447702575e-05,137.5,0.1,3899733.7228783066,3897247.083140344,0.14256377000000064
1,-5.981217998416398e-05,5.981217998416399e-08,-5.880654862266965e-05,140.0,0.1,3896462.0561784455,3830950.2416349333,0.14178163000000055
