weight,y,sigma_y,calc_y,Temperature,sigma_T,Observed_field,Calc_field,DE_eV
1,-5.38269784553834e-05,5.3826978455383404e-08,-4.638703467207961e-05,127.5,0.1,3506556.34363546,3021881.505510194,0.08096745999999921
1,-5.33883737796806e-05,5.33883737796806e-08,-4.163014455116354e-05,130.0,0.1,3477983.4597012694,2711994.0901632374,0.07808337999999981
1,-5.207096537956666e-05,5.207096537956666e-08,-2.657682307471987e-05,135.0,0.1,3392160.942533465,1731346.0688413524,0.07018457999999939
1,-5.022307342677409e-05,5.022307342677409e-08,-1.6949197743088007e-06,137.5,0.1,3271780.095691232,110415.480435746,0.060713769999999556
1,-5.0055046513313953e-05,5.005504651331395e-08,8.437200449407101e-07,140.0,0.1,3260833.989181027,-54964.10834748144,0.05993162999999946
