weight,y,sigma_y,calc_y,Temperature,sigma_T,Observed_field,Calc_field,DE_eV
1,-5.9800510400924945e-05,5.980051040092494e-07,-5.915821930102538e-05,127.5,1,3895701.841648322,3853859.813813149,0.1416009099999993
1,-5.942675989668474e-05,5.942675989668474e-07,-5.942857842455851e-05,130.0,1,3871353.88010211,3871472.348027207,0.13600794999999977
1,-5.863609824862835e-05,5.863609824862834e-07,-5.9167422477912623e-05,135.0,1,3819846.2588827712,3854459.3544008173,0.12529409999999963
1,-5.798603093933533e-05,5.798603093933534e-07,-5.873032114322996e-05,137.5,1,3777497.6501998426,3825984.405556838,0.1174524899999998
1,-5.641796734314666e-05,5.641796734314666e-07,-5.581244568020338e-05,140.0,1,3675346.2103786967,3635899.52603318,0.1013509500000005
