weight,y,sigma_y,calc_y,Temperature,sigma_T,Observed_field,Calc_field,DE_eV
1,-6.273674067821205e-05,6.273674067821204e-07,-6.20088094365201e-05,127.5,1,4086982.4448077558,4039561.3933846094,0.1416009099999993
1,-6.233647936285316e-05,6.233647936285316e-07,-6.233456042537e-05,130.0,1,4060907.43753892,4060782.4284338634,0.13600794999999977
1,-6.149060071489021e-05,6.14906007148902e-07,-6.210205174284056e-05,135.0,1,4005802.707084491,4045635.659674593,0.12529409999999963
1,-6.079596673808115e-05,6.079596673808116e-07,-6.163670786918374e-05,137.5,1,3960550.8046411183,4015320.8517665886,0.1174524899999998
1,-5.912322378077721e-05,5.912322378077721e-07,-5.8434463426237926e-05,140.0,1,3851580.0320559996,3806710.7664988358,0.1013509500000005
