weight,y,sigma_y,calc_y,Temperature,sigma_T,Observed_field,Calc_field,DE_eV
1,-5.706631303546185e-05,5.706631303546185e-07,-5.650051934935618e-05,127.5,1,3717582.6643929416,3680724.057498497,0.1416009099999993
1,-5.671685878931003e-05,5.671685878931003e-07,-5.672204224538291e-05,130.0,1,3694817.4816013845,3695155.1576384925,0.13600794999999977
1,-5.597685231073347e-05,5.597685231073347e-07,-5.643688655254664e-05,135.0,1,3646609.789357711,3676578.7015131013,0.12529409999999963
1,-5.5367717011565125e-05,5.536771701156513e-07,-5.602572036877973e-05,137.5,1,3606927.6948258486,3649793.2970310105,0.1174524899999998
1,-5.389594806567967e-05,5.389594806567967e-07,-5.336458798410604e-05,140.0,1,3511049.366120512,3476433.9350065193,0.1013509500000005
