weight,y,sigma_y,Temperature,sigma_T,Observed_field
1.000000000000000000e+00,3.207622599700682349e-05,3.207622599700682519e-06,1.275000000000000000e+02,1.000000000000000000e+00,2.089604448313896079e+06
1.000000000000000000e+00,3.087086862456881229e-05,3.087086862456881568e-06,1.300000000000000000e+02,1.000000000000000000e+00,2.011081490922043100e+06
1.000000000000000000e+00,2.862531602852711314e-05,2.862531602852711653e-06,1.350000000000000000e+02,1.000000000000000000e+00,1.864795057659931248e+06
1.000000000000000000e+00,2.708006893338641896e-05,2.708006893338642150e-06,1.375000000000000000e+02,1.000000000000000000e+00,1.764129997997007333e+06
1.000000000000000000e+00,2.543471527722398687e-05,2.543471527722398856e-06,1.400000000000000000e+02,1.000000000000000000e+00,1.656943500455576461e+06
