weight,y,sigma_y,Temperature,sigma_T,Observed_field
1.000000000000000000e+00,8.718623184739984159e-05,8.718623184739984159e-06,1.275000000000000000e+02,1.000000000000000000e+00,5.679743555774106644e+06
1.000000000000000000e+00,8.683560946221923567e-05,8.683560946221923228e-06,1.300000000000000000e+02,1.000000000000000000e+00,5.656902274638969451e+06
1.000000000000000000e+00,8.635191272260538131e-05,8.635191272260538470e-06,1.350000000000000000e+02,1.000000000000000000e+00,5.625391870053768158e+06
1.000000000000000000e+00,8.588545765335695156e-05,8.588545765335695156e-06,1.375000000000000000e+02,1.000000000000000000e+00,5.595004673388829455e+06
5.000000000000000000e-01,8.486463140958898062e-05,8.486463140958897723e-06,1.400000000000000000e+02,1.000000000000000000e+00,5.528502988928439096e+06
