weight,y,sigma_y,Temperature,sigma_T,Observed_field
1.000000000000000000e+00,-3.275668273234895022e-04,-3.275668273234895022e-05,1.275000000000000000e+02,1.000000000000000000e+00,2.133932774881639332e+07
1.000000000000000000e+00,-3.147042976359128922e-04,-3.147042976359129329e-05,1.300000000000000000e+02,1.000000000000000000e+00,2.050139877131643146e+07
1.000000000000000000e+00,-2.905568361688394921e-04,-2.905568361688395192e-05,1.350000000000000000e+02,1.000000000000000000e+00,1.892831336838300899e+07
1.000000000000000000e+00,-2.602183731181199997e-04,-2.602183731181200132e-05,1.375000000000000000e+02,1.000000000000000000e+00,1.695191541708705947e+07
1.000000000000000000e+00,-1.937444109080557167e-04,-1.937444109080557167e-05,1.400000000000000000e+02,1.000000000000000000e+00,1.262147183110652864e+07
