weight,y,sigma_y,Temperature,sigma_T,Observed_field
1.000000000000000000e+00,nan,nan,1.275000000000000000e+02,1.000000000000000000e+00,nan
1.000000000000000000e+00,nan,nan,1.300000000000000000e+02,1.000000000000000000e+00,nan
1.000000000000000000e+00,nan,nan,1.350000000000000000e+02,1.000000000000000000e+00,nan
1.000000000000000000e+00,nan,nan,1.375000000000000000e+02,1.000000000000000000e+00,nan
1.000000000000000000e+00,nan,nan,1.400000000000000000e+02,1.000000000000000000e+00,nan
1.000000000000000000e+00,nan,nan,1.400000000000000000e+02,1.000000000000000000e+00,nan
