weight,y,sigma_y,Temperature,sigma_T,Observed_field
1.000000000000000000e+00,1.078069182782772609e-04,1.078069182782772744e-05,1.275000000000000000e+02,1.000000000000000000e+00,7.023077341278308071e+06
1.000000000000000000e+00,1.054426984116809437e-04,1.054426984116809471e-05,1.300000000000000000e+02,1.000000000000000000e+00,6.869060333464086056e+06
1.000000000000000000e+00,1.022544568789295462e-04,1.022544568789295462e-05,1.350000000000000000e+02,1.000000000000000000e+00,6.661362467457090504e+06
1.000000000000000000e+00,9.925655661989023465e-05,9.925655661989024142e-06,1.375000000000000000e+02,1.000000000000000000e+00,6.466064376045884565e+06
1.000000000000000000e+00,9.294030532829131077e-05,9.294030532829131416e-06,1.400000000000000000e+02,1.000000000000000000e+00,6.054592440512537025e+06
